"difficulty_average","favorites_count","free","name","rating_average","yarn_weight_description","knit_needle_size","crochet_hook","knit_needles","crochet_hook_size","craft","pattern_cat","pattern_parent_cat","pattern_parent_parent_cat","pull_date","n_langs","pull_day"
0,562,FALSE,"In My Stripes Era Scarf",0,"Fingering (14 wpi)","2½",FALSE,TRUE,"","Knitting","Scarf","Neck / Torso","Accessories","2025-11-17",2,17
0,201,FALSE,"Magiclands Wrap",0,"Fingering (14 wpi)","5 ",FALSE,TRUE,"F","Knitting","Shawl / Wrap","Neck / Torso","Accessories","2025-11-17",2,17
0,510,FALSE,"Shorty Sock Set Vol. III",0,"Light Fingering","1 ",FALSE,TRUE,"B","Knitting","Ankle","Socks","Feet / Legs","2025-11-17",2,17
0,222,TRUE,"Self Striping Spectrum Beanie",0,"Bulky (7 wpi)","11 ",FALSE,TRUE,"L","Knitting","Beanie, Toque","Hat","Accessories","2025-11-17",1,17
0,140,TRUE,"Grande Neck Warmer",0,"Bulky (7 wpi)","10 ",FALSE,TRUE,"J","Knitting","Other","Neck / Torso","Accessories","2025-11-17",1,17
3.66666666666667,885,FALSE,"Palma Socks",4.66666666666667,"Light Fingering","1½",FALSE,TRUE,"","Knitting","Mid-calf","Socks","Feet / Legs","2025-11-17",3,17
0,5863,FALSE,"Harvest Flower Sweater",0,"DK (11 wpi)","8 ",FALSE,TRUE,"H","Knitting","Pullover","Sweater","Clothing","2025-11-17",2,17
0,539,TRUE,"Reversible Neck",0,"Aran (8 wpi)","6 ",FALSE,TRUE,"G","Knitting","Cowl","Neck / Torso","Accessories","2025-11-17",1,17
2.97280593325093,51424,FALSE,"Cloud Sweater",4.7485172004745,"Bulky (7 wpi)","7 ",FALSE,TRUE,"","Knitting","Pullover","Sweater","Clothing","2025-11-17",14,17
0,1132,FALSE,"Winter subway",0,"Aran (8 wpi)","8 ",FALSE,TRUE,"H","Knitting","Cowl","Neck / Torso","Accessories","2025-11-17",1,17
0,2526,TRUE,"Pocket Edition",0,"Sport (12 wpi)","4 ",FALSE,TRUE,"E","Knitting","Pullover","Sweater","Clothing","2025-11-17",2,17
0,987,FALSE,"Oribus Fingerless Mitts",0,"Fingering (14 wpi)","1½",FALSE,TRUE,"","Knitting","Fingerless Gloves/Mitts","Hands","Accessories","2025-11-17",1,17
2.44927536231884,22818,FALSE,"Sailor Slippers",4.87162162162162,"Super Bulky (5-6 wpi)","11 ",FALSE,TRUE,"L","Knitting","Slippers","Feet / Legs","Accessories","2025-11-17",1,17
2.52348420153715,42570,FALSE,"Sophie Hood",4.74068071312804,"Worsted (9 wpi)","8 ",FALSE,TRUE,"H","Knitting","Scarf","Neck / Torso","Accessories","2025-11-17",13,17
5.09433962264151,32024,FALSE,"Rosie Sweater",4.67796610169492,"DK (11 wpi)","6 ",FALSE,TRUE,"G","Knitting","Pullover","Sweater","Clothing","2025-11-17",10,17
2.08461538461538,4000,FALSE,"One Love Mystery Shawl",4.52307692307692,"Fingering (14 wpi)","7 ",FALSE,TRUE,"","Knitting","Shawl / Wrap","Neck / Torso","Accessories","2025-11-17",1,17
2.25408980160111,67477,TRUE,"Step by Step Sweater",4.86982444518052,"Aran (8 wpi)","7 ",FALSE,TRUE,"","Knitting","Pullover","Sweater","Clothing","2025-11-17",2,17
2.40979147778785,63017,FALSE,"Oslo Hat",4.72184684684685,"DK (11 wpi)","2½",FALSE,TRUE,"","Knitting","Beanie, Toque","Hat","Accessories","2025-11-17",10,17
1.92087835482747,70589,FALSE,"Sophie Scarf",4.84287836276613,"DK (11 wpi)","4 ",FALSE,TRUE,"E","Knitting","Scarf","Neck / Torso","Accessories","2025-11-17",17,17
3.48229861467419,116783,FALSE,"Ranunculus",4.81362346263009,"","10 ",FALSE,TRUE,"J","Knitting","Pullover","Sweater","Clothing","2025-11-17",4,17
0,1162,FALSE,"Shorty Sock Set Vol. III",0,"Light Fingering","1 ",FALSE,TRUE,"B","Knitting","Ankle","Socks","Feet / Legs","2025-11-18",2,18
0,179,FALSE,"Maroon Socks",0,"Fingering (14 wpi)","1 ",FALSE,TRUE,"B","Knitting","Mid-calf","Socks","Feet / Legs","2025-11-18",1,18
0,374,FALSE,"Manly Beanie",0,"Sport (12 wpi)","3 ",FALSE,TRUE,"D","Knitting","Beanie, Toque","Hat","Accessories","2025-11-18",1,18
0,323,FALSE,"Hyde Park Socks",0,"Fingering (14 wpi)","1 ",FALSE,TRUE,"B","Knitting","Mid-calf","Socks","Feet / Legs","2025-11-18",1,18
0,198,TRUE,"Kõuvõ",0,"Fingering (14 wpi)","4 ",FALSE,TRUE,"E","Knitting","Cowl","Neck / Torso","Accessories","2025-11-18",2,18
0,164,TRUE,"Broken Rib Cowl",0,"Bulky (7 wpi)","8 ",FALSE,TRUE,"H","Knitting","Scarf","Neck / Torso","Accessories","2025-11-18",4,18
0,283,FALSE,"Intangential (Advent Mystery Shawl KAL 2025)",0,"Fingering (14 wpi)","4 ",FALSE,TRUE,"E","Knitting","Shawl / Wrap","Neck / Torso","Accessories","2025-11-18",1,18
0,249,FALSE,"A Place Between",0,"Sport (12 wpi)","4 ",FALSE,TRUE,"E","Knitting","Scarf","Neck / Torso","Accessories","2025-11-18",1,18
2.97055214723926,51545,FALSE,"Cloud Sweater",4.74558303886926,"Bulky (7 wpi)","7 ",FALSE,TRUE,"","Knitting","Pullover","Sweater","Clothing","2025-11-18",14,18
3.26666666666667,740,FALSE,"Logamancy (Advent Mystery Shawl KAL 2024)",4.77777777777778,"Fingering (14 wpi)","4 ",FALSE,TRUE,"E","Knitting","Shawl / Wrap","Neck / Torso","Accessories","2025-11-18",2,18
0,1135,FALSE,"Oribus Fingerless Mitts",0,"Fingering (14 wpi)","1½",FALSE,TRUE,"","Knitting","Fingerless Gloves/Mitts","Hands","Accessories","2025-11-18",1,18
2.46478873239437,23735,FALSE,"Sailor Slippers",4.87581699346405,"Super Bulky (5-6 wpi)","11 ",FALSE,TRUE,"L","Knitting","Slippers","Feet / Legs","Accessories","2025-11-18",1,18
5,1444,FALSE,"Flowing River Cowl",4.9,"Sport (12 wpi)","7 ",FALSE,TRUE,"","Knitting","Cowl","Neck / Torso","Accessories","2025-11-18",1,18
2.52078032230704,42865,FALSE,"Sophie Hood",4.74014481094127,"Worsted (9 wpi)","8 ",FALSE,TRUE,"H","Knitting","Scarf","Neck / Torso","Accessories","2025-11-18",13,18
5.07407407407407,32281,FALSE,"Rosie Sweater",4.68852459016393,"DK (11 wpi)","6 ",FALSE,TRUE,"G","Knitting","Pullover","Sweater","Clothing","2025-11-18",10,18
2.06617647058824,4018,FALSE,"One Love Mystery Shawl",4.50735294117647,"Fingering (14 wpi)","7 ",FALSE,TRUE,"","Knitting","Shawl / Wrap","Neck / Torso","Accessories","2025-11-18",1,18
2.25259875259875,67666,TRUE,"Step by Step Sweater",4.86972295514512,"Aran (8 wpi)","7 ",FALSE,TRUE,"","Knitting","Pullover","Sweater","Clothing","2025-11-18",2,18
2.40972222222222,63122,FALSE,"Oslo Hat",4.72236286919831,"DK (11 wpi)","2½",FALSE,TRUE,"","Knitting","Beanie, Toque","Hat","Accessories","2025-11-18",10,18
1.92123109024517,70714,FALSE,"Sophie Scarf",4.84321475625823,"DK (11 wpi)","4 ",FALSE,TRUE,"E","Knitting","Scarf","Neck / Torso","Accessories","2025-11-18",17,18
0,1501,FALSE,"Shorty Sock Set Vol. III",0,"Light Fingering","1 ",FALSE,TRUE,"B","Knitting","Ankle","Socks","Feet / Legs","2025-11-19",2,19
0,729,FALSE,"Zoe Loop Sweater",0,"Worsted (9 wpi)","6 ",FALSE,TRUE,"G","Knitting","Pullover","Sweater","Clothing","2025-11-19",12,19
0,312,FALSE,"Mae Scarf",0,"Any gauge - designed for any gauge","2½",FALSE,TRUE,"","Knitting","Scarf","Neck / Torso","Accessories","2025-11-19",8,19
0,255,FALSE,"Advent Hat 2025",0,"Fingering (14 wpi)","2 ",FALSE,TRUE,"C","Knitting","Beanie, Toque","Hat","Accessories","2025-11-19",2,19
3.17197452229299,30247,FALSE,"Lakes Pullover",4.89230769230769,"Worsted (9 wpi)","8 ",FALSE,TRUE,"H","Knitting","Pullover","Sweater","Clothing","2025-11-19",16,19
0,462,TRUE,"Flynn Creek Mittens",0,"Worsted (9 wpi)","5 ",FALSE,TRUE,"F","Knitting","Mittens","Hands","Accessories","2025-11-19",2,19
1.81818181818182,3759,FALSE,"knitpurl beanie",4.72727272727273,"DK (11 wpi)","3 ",FALSE,TRUE,"D","Knitting","Beanie, Toque","Hat","Accessories","2025-11-19",1,19
0,448,FALSE,"Intangential (Advent Mystery Shawl KAL 2025)",0,"Fingering (14 wpi)","4 ",FALSE,TRUE,"E","Knitting","Shawl / Wrap","Neck / Torso","Accessories","2025-11-19",1,19
0,401,FALSE,"Balaclava Pearl",0,"Aran (8 wpi)","6 ",FALSE,TRUE,"G","Knitting","Balaclava","Hat","Accessories","2025-11-19",2,19
4,635,FALSE,"Fully Invested",5,"DK (11 wpi)","7 ",FALSE,TRUE,"","Knitting","Vest","Clothing","Categories","2025-11-19",2,19
3.26666666666667,763,FALSE,"Logamancy (Advent Mystery Shawl KAL 2024)",4.77777777777778,"Fingering (14 wpi)","4 ",FALSE,TRUE,"E","Knitting","Shawl / Wrap","Neck / Torso","Accessories","2025-11-19",2,19
2.5,1190,FALSE,"Logpile (Advent Mystery Shawl KAL 2023)",4.71428571428571,"Light Fingering","4 ",FALSE,TRUE,"E","Knitting","Shawl / Wrap","Neck / Torso","Accessories","2025-11-19",2,19
2.43870967741935,24732,FALSE,"Sailor Slippers",4.8502994011976,"Super Bulky (5-6 wpi)","11 ",FALSE,TRUE,"L","Knitting","Slippers","Feet / Legs","Accessories","2025-11-19",1,19
2.52188552188552,43226,FALSE,"Sophie Hood",4.73860911270983,"Worsted (9 wpi)","8 ",FALSE,TRUE,"H","Knitting","Scarf","Neck / Torso","Accessories","2025-11-19",13,19
5,32533,FALSE,"Rosie Sweater",4.69354838709677,"DK (11 wpi)","6 ",FALSE,TRUE,"G","Knitting","Pullover","Sweater","Clothing","2025-11-19",10,19
2.0952380952381,4032,FALSE,"One Love Mystery Shawl",4.39864864864865,"Fingering (14 wpi)","7 ",FALSE,TRUE,"","Knitting","Shawl / Wrap","Neck / Torso","Accessories","2025-11-19",1,19
2.25232999654815,67828,TRUE,"Step by Step Sweater",4.86949375410914,"Aran (8 wpi)","7 ",FALSE,TRUE,"","Knitting","Pullover","Sweater","Clothing","2025-11-19",2,19
2.4099003923936,63217,FALSE,"Oslo Hat",4.72244094488189,"DK (11 wpi)","2½",FALSE,TRUE,"","Knitting","Beanie, Toque","Hat","Accessories","2025-11-19",10,19
1.92095683827353,70843,FALSE,"Sophie Scarf",4.84293451501723,"DK (11 wpi)","4 ",FALSE,TRUE,"E","Knitting","Scarf","Neck / Torso","Accessories","2025-11-19",17,19
3.48265253802769,116892,FALSE,"Ranunculus",4.81371158392435,"","10 ",FALSE,TRUE,"J","Knitting","Pullover","Sweater","Clothing","2025-11-19",4,19
0,132,FALSE,"Aeterna",0,"DK (11 wpi)","7 ",FALSE,TRUE,"","Knitting","Cowl","Neck / Torso","Accessories","2025-11-20",2,20
0,815,FALSE,"Mae Scarf",0,"Any gauge - designed for any gauge","2½",FALSE,TRUE,"","Knitting","Scarf","Neck / Torso","Accessories","2025-11-20",8,20
0,684,TRUE,"Winter Lights Blanket",0,"DK (11 wpi)","6.0",TRUE,FALSE,"G","Crochet","Bedspread","Blanket","Home","2025-11-20",1,20
0,225,TRUE,"Eclosion",0,"Worsted (9 wpi)","8 ",FALSE,TRUE,"H","Knitting","Pullover","Sweater","Clothing","2025-11-20",4,20
0,245,FALSE,"The Mighty Squoosh Cowl",0,"Super Bulky (5-6 wpi)","10 ",FALSE,TRUE,"J","Knitting","Cowl","Neck / Torso","Accessories","2025-11-20",4,20
3.17142857142857,30420,FALSE,"Lakes Pullover",4.89263803680982,"Worsted (9 wpi)","8 ",FALSE,TRUE,"H","Knitting","Pullover","Sweater","Clothing","2025-11-20",16,20
0,886,TRUE,"Gnoming Socks",0,"Fingering (14 wpi)","1½",FALSE,TRUE,"","Knitting","Mid-calf","Socks","Feet / Legs","2025-11-20",1,20
0,620,FALSE,"Intangential (Advent Mystery Shawl KAL 2025)",0,"Fingering (14 wpi)","4 ",FALSE,TRUE,"E","Knitting","Shawl / Wrap","Neck / Torso","Accessories","2025-11-20",1,20
0,636,FALSE,"Balaclava Pearl",0,"Aran (8 wpi)","6 ",FALSE,TRUE,"G","Knitting","Balaclava","Hat","Accessories","2025-11-20",2,20
2.9719512195122,51779,FALSE,"Cloud Sweater",4.74560375146542,"Bulky (7 wpi)","7 ",FALSE,TRUE,"","Knitting","Pullover","Sweater","Clothing","2025-11-20",14,20
2.45061728395062,25576,FALSE,"Sailor Slippers",4.85142857142857,"Super Bulky (5-6 wpi)","11 ",FALSE,TRUE,"L","Knitting","Slippers","Feet / Legs","Accessories","2025-11-20",1,20
2.52123230641132,43585,FALSE,"Sophie Hood",4.73913043478261,"Worsted (9 wpi)","8 ",FALSE,TRUE,"H","Knitting","Scarf","Neck / Torso","Accessories","2025-11-20",13,20
5.06896551724138,32778,FALSE,"Rosie Sweater",4.69230769230769,"DK (11 wpi)","6 ",FALSE,TRUE,"G","Knitting","Pullover","Sweater","Clothing","2025-11-20",10,20
2.12790697674419,4048,FALSE,"One Love Mystery Shawl",4.36416184971098,"Fingering (14 wpi)","7 ",FALSE,TRUE,"","Knitting","Shawl / Wrap","Neck / Torso","Accessories","2025-11-20",1,20
2.25258086717137,68000,TRUE,"Step by Step Sweater",4.86987872828581,"Aran (8 wpi)","7 ",FALSE,TRUE,"","Knitting","Pullover","Sweater","Clothing","2025-11-20",2,20
2.52247686205377,78962,FALSE,"Musselburgh",4.88495037472149,"Fingering (14 wpi)","2½",FALSE,TRUE,"","Knitting","Beanie, Toque","Hat","Accessories","2025-11-20",6,20
2.4091732045866,63324,FALSE,"Oslo Hat",4.72251897666573,"DK (11 wpi)","2½",FALSE,TRUE,"","Knitting","Beanie, Toque","Hat","Accessories","2025-11-20",10,20
1.92073381793008,70958,FALSE,"Sophie Scarf",4.84302801900705,"DK (11 wpi)","4 ",FALSE,TRUE,"E","Knitting","Scarf","Neck / Torso","Accessories","2025-11-20",17,20
2.17320261437908,33103,TRUE,"The Simple Thing",4.79716981132075,"DK (11 wpi)","7 ",FALSE,TRUE,"","Knitting","Scarf","Neck / Torso","Accessories","2025-11-20",4,20
3.48291182501709,116937,FALSE,"Ranunculus",4.81345517567355,"","10 ",FALSE,TRUE,"J","Knitting","Pullover","Sweater","Clothing","2025-11-20",4,20
0,241,FALSE,"Elderwild",0,"Worsted (9 wpi)","9 ",FALSE,TRUE,"I","Knitting","Pullover","Sweater","Clothing","2025-11-21",1,21
0,217,TRUE,"Ezra Socks",0,"Fingering (14 wpi)","1 ",FALSE,TRUE,"B","Knitting","Ankle","Socks","Feet / Legs","2025-11-21",1,21
0,1332,FALSE,"Edda Sweater",0,"DK (11 wpi)","4 ",FALSE,TRUE,"E","Knitting","Pullover","Sweater","Clothing","2025-11-21",12,21
3,563,FALSE,"Lite Bright Loop",5,"Any gauge - designed for any gauge","4 ",FALSE,TRUE,"E","Knitting","Scarf","Neck / Torso","Accessories","2025-11-21",4,21
0,907,FALSE,"Jilli Jam",0,"Super Bulky (5-6 wpi)","",FALSE,TRUE,"","Knitting","Pullover","Sweater","Clothing","2025-11-21",12,21
4.91666666666667,523,FALSE,"Henna",5,"Fingering (14 wpi)","3 ",FALSE,TRUE,"D","Knitting","Pullover","Sweater","Clothing","2025-11-21",2,21
0,2629,FALSE,"Polar Coat Adult",0,"Super Bulky (5-6 wpi)","7 ",FALSE,TRUE,"","Knitting","Coat / Jacket","Clothing","Categories","2025-11-21",3,21
0,83,FALSE,"Kindled Hearth",0,"Worsted (9 wpi)","8 ",FALSE,TRUE,"H","Knitting","Afghan block","Components","Categories","2025-11-21",1,21
3.17088607594937,30563,FALSE,"Lakes Pullover",4.89263803680982,"Worsted (9 wpi)","8 ",FALSE,TRUE,"H","Knitting","Pullover","Sweater","Clothing","2025-11-21",16,21
0,358,FALSE,"Sole Mates",0,"Light Fingering","1½",FALSE,TRUE,"","Knitting","Mid-calf","Socks","Feet / Legs","2025-11-21",1,21
0,675,FALSE,"Intangential (Advent Mystery Shawl KAL 2025)",0,"Fingering (14 wpi)","4 ",FALSE,TRUE,"E","Knitting","Shawl / Wrap","Neck / Torso","Accessories","2025-11-21",1,21
2.9719512195122,51903,FALSE,"Cloud Sweater",4.74560375146542,"Bulky (7 wpi)","7 ",FALSE,TRUE,"","Knitting","Pullover","Sweater","Clothing","2025-11-21",14,21
2.47647058823529,26210,FALSE,"Sailor Slippers",4.85326086956522,"Super Bulky (5-6 wpi)","11 ",FALSE,TRUE,"L","Knitting","Slippers","Feet / Legs","Accessories","2025-11-21",1,21
2.52436003303055,43801,FALSE,"Sophie Hood",4.74079874706343,"Worsted (9 wpi)","8 ",FALSE,TRUE,"H","Knitting","Scarf","Neck / Torso","Accessories","2025-11-21",13,21
5.06896551724138,32962,FALSE,"Rosie Sweater",4.69230769230769,"DK (11 wpi)","6 ",FALSE,TRUE,"G","Knitting","Pullover","Sweater","Clothing","2025-11-21",10,21
2.11167512690355,4067,FALSE,"One Love Mystery Shawl",4.34170854271357,"Fingering (14 wpi)","7 ",FALSE,TRUE,"","Knitting","Shawl / Wrap","Neck / Torso","Accessories","2025-11-21",1,21
2.25617283950617,68133,TRUE,"Step by Step Sweater",4.8703038222803,"Aran (8 wpi)","7 ",FALSE,TRUE,"","Knitting","Pullover","Sweater","Clothing","2025-11-21",2,21
2.40983112183353,63408,FALSE,"Oslo Hat",4.72267490868221,"DK (11 wpi)","2½",FALSE,TRUE,"","Knitting","Beanie, Toque","Hat","Accessories","2025-11-21",10,21
1.92092057449386,71050,FALSE,"Sophie Scarf",4.8427775958074,"DK (11 wpi)","4 ",FALSE,TRUE,"E","Knitting","Scarf","Neck / Torso","Accessories","2025-11-21",17,21
3.48368358106954,116979,FALSE,"Ranunculus",4.81348456206679,"","10 ",FALSE,TRUE,"J","Knitting","Pullover","Sweater","Clothing","2025-11-21",4,21
3,533,FALSE,"Let It Snow sock set",5,"Fingering (14 wpi)","1 ",FALSE,TRUE,"B","Knitting","Mid-calf","Socks","Feet / Legs","2025-11-23",6,23
0,3558,FALSE,"Edda Sweater",0,"DK (11 wpi)","4 ",FALSE,TRUE,"E","Knitting","Pullover","Sweater","Clothing","2025-11-23",12,23
3,1460,FALSE,"Lite Bright Loop",5,"Any gauge - designed for any gauge","4 ",FALSE,TRUE,"E","Knitting","Scarf","Neck / Torso","Accessories","2025-11-23",4,23
0,616,FALSE,"Humpy the humpback whale",0,"DK (11 wpi)","1½",FALSE,TRUE,"","Knitting","Animal","Softies","Toys and Hobbies","2025-11-23",1,23
0,379,FALSE,"Poppy Time Scarf",0,"Aran (8 wpi)","7 ",FALSE,TRUE,"","Knitting","Scarf","Neck / Torso","Accessories","2025-11-23",1,23
3.17405063291139,30879,FALSE,"Lakes Pullover",4.89263803680982,"Worsted (9 wpi)","8 ",FALSE,TRUE,"H","Knitting","Pullover","Sweater","Clothing","2025-11-23",16,23
3.25,5286,FALSE,"Angry Mittens",4.76923076923077,"Aran (8 wpi)","7 ",FALSE,TRUE,"","Knitting","Mittens","Hands","Accessories","2025-11-23",2,23
2.96844660194175,52179,FALSE,"Cloud Sweater",4.74708624708625,"Bulky (7 wpi)","7 ",FALSE,TRUE,"","Knitting","Pullover","Sweater","Clothing","2025-11-23",14,23
1.87796771130104,44399,FALSE,"Sophie Shawl",4.84525939177102,"DK (11 wpi)","8 ",FALSE,TRUE,"H","Knitting","Shawl / Wrap","Neck / Torso","Accessories","2025-11-23",13,23
2.519967400163,44489,FALSE,"Sophie Hood",4.73704563031709,"Worsted (9 wpi)","8 ",FALSE,TRUE,"H","Knitting","Scarf","Neck / Torso","Accessories","2025-11-23",13,23
2.50259067357513,27826,FALSE,"Sailor Slippers",4.86407766990291,"Super Bulky (5-6 wpi)","11 ",FALSE,TRUE,"L","Knitting","Slippers","Feet / Legs","Accessories","2025-11-23",1,23
5.0655737704918,33401,FALSE,"Rosie Sweater",4.70588235294118,"DK (11 wpi)","6 ",FALSE,TRUE,"G","Knitting","Pullover","Sweater","Clothing","2025-11-23",10,23
2.25511596180082,68505,TRUE,"Step by Step Sweater",4.87077922077922,"Aran (8 wpi)","7 ",FALSE,TRUE,"","Knitting","Pullover","Sweater","Clothing","2025-11-23",2,23
3.35570469798658,21916,FALSE,"Hoodola: A Basic Hooded Cowl",4.81761006289308,"DK (11 wpi)","7 ",FALSE,TRUE,"","Knitting","Cowl","Neck / Torso","Accessories","2025-11-23",6,23
2.18007662835249,4095,FALSE,"One Love Mystery Shawl",4.36704119850187,"Fingering (14 wpi)","7 ",FALSE,TRUE,"","Knitting","Shawl / Wrap","Neck / Torso","Accessories","2025-11-23",1,23
2.52275225324247,79274,FALSE,"Musselburgh",4.88518293915504,"Fingering (14 wpi)","2½",FALSE,TRUE,"","Knitting","Beanie, Toque","Hat","Accessories","2025-11-23",6,23
2.41010222489477,63601,FALSE,"Oslo Hat",4.72268907563025,"DK (11 wpi)","2½",FALSE,TRUE,"","Knitting","Beanie, Toque","Hat","Accessories","2025-11-23",10,23
1.92123405722165,71423,FALSE,"Sophie Scarf",4.84295499021526,"DK (11 wpi)","4 ",FALSE,TRUE,"E","Knitting","Scarf","Neck / Torso","Accessories","2025-11-23",17,23
2.18122977346278,33425,TRUE,"The Simple Thing",4.79906542056075,"DK (11 wpi)","7 ",FALSE,TRUE,"","Knitting","Scarf","Neck / Torso","Accessories","2025-11-23",4,23
3.48285275550247,117085,FALSE,"Ranunculus",4.8135913166588,"","10 ",FALSE,TRUE,"J","Knitting","Pullover","Sweater","Clothing","2025-11-23",4,23
4.33333333333333,123,FALSE,"Fluffy MARTA Vest",5,"Super Bulky (5-6 wpi)","10 ",FALSE,TRUE,"J","Knitting","Vest","Clothing","Categories","2025-11-24",3,24
0,52,TRUE,"Waistcoats - Oxford",0,"Aran (8 wpi)","8 ",FALSE,TRUE,"H","Knitting","Vest","Clothing","Categories","2025-11-24",5,24
3,5216,FALSE,"Moon Set Polo",5,"Worsted (9 wpi)","9 ",FALSE,TRUE,"I","Knitting","Pullover","Sweater","Clothing","2025-11-24",14,24
0,3933,FALSE,"Edda Sweater",0,"DK (11 wpi)","4 ",FALSE,TRUE,"E","Knitting","Pullover","Sweater","Clothing","2025-11-24",12,24
0,938,FALSE,"Fiona",0,"Worsted (9 wpi)","5 ",FALSE,TRUE,"F","Knitting","Pullover","Sweater","Clothing","2025-11-24",2,24
0,215,TRUE,"Jali socks",0,"Fingering (14 wpi)","1 ",FALSE,TRUE,"B","Knitting","Mid-calf","Socks","Feet / Legs","2025-11-24",1,24
0,933,FALSE,"Humpy the humpback whale",0,"DK (11 wpi)","1½",FALSE,TRUE,"","Knitting","Animal","Softies","Toys and Hobbies","2025-11-24",1,24
0,411,TRUE,"Mistletoe Socks",0,"Fingering (14 wpi)","1½",FALSE,TRUE,"","Knitting","Mid-calf","Socks","Feet / Legs","2025-11-24",4,24
0,207,FALSE,"Icy brides",0,"Fingering (14 wpi)","2½",FALSE,TRUE,"","Knitting","Other","Neck / Torso","Accessories","2025-11-24",1,24
0,553,TRUE,"Sugarloaf Shrug",0,"Bulky (7 wpi)","8 ",FALSE,TRUE,"H","Knitting","Poncho","Neck / Torso","Accessories","2025-11-24",3,24
3.25,5945,FALSE,"Angry Mittens",4.76923076923077,"Aran (8 wpi)","7 ",FALSE,TRUE,"","Knitting","Mittens","Hands","Accessories","2025-11-24",2,24
2.96735187424426,52274,FALSE,"Cloud Sweater",4.74767441860465,"Bulky (7 wpi)","7 ",FALSE,TRUE,"","Knitting","Pullover","Sweater","Clothing","2025-11-24",14,24
2.52627324171382,44678,FALSE,"Sophie Hood",4.73732718894009,"Worsted (9 wpi)","8 ",FALSE,TRUE,"H","Knitting","Scarf","Neck / Torso","Accessories","2025-11-24",13,24
2.52657004830918,28265,FALSE,"Sailor Slippers",4.86036036036036,"Super Bulky (5-6 wpi)","11 ",FALSE,TRUE,"L","Knitting","Slippers","Feet / Legs","Accessories","2025-11-24",1,24
5.046875,33520,FALSE,"Rosie Sweater",4.71830985915493,"DK (11 wpi)","6 ",FALSE,TRUE,"G","Knitting","Pullover","Sweater","Clothing","2025-11-24",10,24
2.25468164794008,68618,TRUE,"Step by Step Sweater",4.87107223841918,"Aran (8 wpi)","7 ",FALSE,TRUE,"","Knitting","Pullover","Sweater","Clothing","2025-11-24",2,24
2.19148936170213,4105,FALSE,"One Love Mystery Shawl",4.32068965517241,"Fingering (14 wpi)","7 ",FALSE,TRUE,"","Knitting","Shawl / Wrap","Neck / Torso","Accessories","2025-11-24",1,24
2.52229299363057,79320,FALSE,"Musselburgh",4.88525252525253,"Fingering (14 wpi)","2½",FALSE,TRUE,"","Knitting","Beanie, Toque","Hat","Accessories","2025-11-24",6,24
2.40985576923077,63668,FALSE,"Oslo Hat",4.72256438969765,"DK (11 wpi)","2½",FALSE,TRUE,"","Knitting","Beanie, Toque","Hat","Accessories","2025-11-24",10,24
1.92183195592286,71520,FALSE,"Sophie Scarf",4.84310850439883,"DK (11 wpi)","4 ",FALSE,TRUE,"E","Knitting","Scarf","Neck / Torso","Accessories","2025-11-24",17,24
0,138,TRUE,"Waistcoats - Oxford",0,"Aran (8 wpi)","8 ",FALSE,TRUE,"H","Knitting","Vest","Clothing","Categories","2025-11-25",5,25
0,4371,FALSE,"Edda Sweater",0,"DK (11 wpi)","4 ",FALSE,TRUE,"E","Knitting","Pullover","Sweater","Clothing","2025-11-25",12,25
0,257,TRUE,"Christmas Tea Party",0,"Fingering (14 wpi)","2 ",FALSE,TRUE,"C","Knitting","Mid-calf","Socks","Feet / Legs","2025-11-25",1,25
0,2219,FALSE,"Fiona",0,"Worsted (9 wpi)","5 ",FALSE,TRUE,"F","Knitting","Pullover","Sweater","Clothing","2025-11-25",2,25
0,659,TRUE,"Hanna Hat",0,"DK (11 wpi)","4 ",FALSE,TRUE,"E","Knitting","Beanie, Toque","Hat","Accessories","2025-11-25",2,25
0,370,TRUE,"Jali socks",0,"Fingering (14 wpi)","1 ",FALSE,TRUE,"B","Knitting","Mid-calf","Socks","Feet / Legs","2025-11-25",1,25
3.17034700315457,31114,FALSE,"Lakes Pullover",4.89296636085627,"Worsted (9 wpi)","8 ",FALSE,TRUE,"H","Knitting","Pullover","Sweater","Clothing","2025-11-25",16,25
0,1142,TRUE,"Sugarloaf Shrug",0,"Bulky (7 wpi)","8 ",FALSE,TRUE,"H","Knitting","Poncho","Neck / Torso","Accessories","2025-11-25",3,25
3.30769230769231,6861,FALSE,"Angry Mittens",4.78571428571429,"Aran (8 wpi)","7 ",FALSE,TRUE,"","Knitting","Mittens","Hands","Accessories","2025-11-25",2,25
2.96139927623643,52389,FALSE,"Cloud Sweater",4.74825986078886,"Bulky (7 wpi)","7 ",FALSE,TRUE,"","Knitting","Pullover","Sweater","Clothing","2025-11-25",14,25
2.53002401921537,44929,FALSE,"Sophie Hood",4.73764258555133,"Worsted (9 wpi)","8 ",FALSE,TRUE,"H","Knitting","Scarf","Neck / Torso","Accessories","2025-11-25",13,25
2.52702702702703,28802,FALSE,"Sailor Slippers",4.85654008438819,"Super Bulky (5-6 wpi)","11 ",FALSE,TRUE,"L","Knitting","Slippers","Feet / Legs","Accessories","2025-11-25",1,25
5.03076923076923,33716,FALSE,"Rosie Sweater",4.72602739726027,"DK (11 wpi)","6 ",FALSE,TRUE,"G","Knitting","Pullover","Sweater","Clothing","2025-11-25",10,25
2.25501530091806,68738,TRUE,"Step by Step Sweater",4.87123908120349,"Aran (8 wpi)","7 ",FALSE,TRUE,"","Knitting","Pullover","Sweater","Clothing","2025-11-25",2,25
2.2013201320132,4109,FALSE,"One Love Mystery Shawl",4.31089743589744,"Fingering (14 wpi)","7 ",FALSE,TRUE,"","Knitting","Shawl / Wrap","Neck / Torso","Accessories","2025-11-25",1,25
2.522178304787,79391,FALSE,"Musselburgh",4.88507372248031,"Fingering (14 wpi)","2½",FALSE,TRUE,"","Knitting","Beanie, Toque","Hat","Accessories","2025-11-25",6,25
2.40996398559424,63742,FALSE,"Oslo Hat",4.72295219457646,"DK (11 wpi)","2½",FALSE,TRUE,"","Knitting","Beanie, Toque","Hat","Accessories","2025-11-25",10,25
1.92178098676294,71646,FALSE,"Sophie Scarf",4.84308943089431,"DK (11 wpi)","4 ",FALSE,TRUE,"E","Knitting","Scarf","Neck / Torso","Accessories","2025-11-25",17,25
2.18093699515347,33641,TRUE,"The Simple Thing",4.79813664596273,"DK (11 wpi)","7 ",FALSE,TRUE,"","Knitting","Scarf","Neck / Torso","Accessories","2025-11-25",4,25
3.48310580204778,117155,FALSE,"Ranunculus",4.81327670284726,"","10 ",FALSE,TRUE,"J","Knitting","Pullover","Sweater","Clothing","2025-11-25",4,25
0,4158,FALSE,"Hannah Sweater V-neck",0,"Worsted (9 wpi)","6 ",FALSE,TRUE,"G","Knitting","Pullover","Sweater","Clothing","2025-11-16",18,16
0,189,TRUE,"Everyday mittens / Codzienne mitenki",0,"Aran (8 wpi)","6 ",FALSE,TRUE,"G","Knitting","Convertible","Hands","Accessories","2025-11-16",4,16
0,1084,FALSE,"TONI Vest",0,"DK (11 wpi)","6 ",FALSE,TRUE,"G","Knitting","Vest","Clothing","Categories","2025-11-16",4,16
0,5398,FALSE,"Harvest Flower Sweater",0,"DK (11 wpi)","8 ",FALSE,TRUE,"H","Knitting","Pullover","Sweater","Clothing","2025-11-16",2,16
2.97149938042131,51256,FALSE,"Cloud Sweater",4.74791914387634,"Bulky (7 wpi)","7 ",FALSE,TRUE,"","Knitting","Pullover","Sweater","Clothing","2025-11-16",14,16
0,1028,FALSE,"Winter subway",0,"Aran (8 wpi)","8 ",FALSE,TRUE,"H","Knitting","Cowl","Neck / Torso","Accessories","2025-11-16",1,16
0,2001,TRUE,"Pocket Edition",0,"Sport (12 wpi)","4 ",FALSE,TRUE,"E","Knitting","Pullover","Sweater","Clothing","2025-11-16",2,16
0,796,FALSE,"Oribus Fingerless Mitts",0,"Fingering (14 wpi)","1½",FALSE,TRUE,"","Knitting","Fingerless Gloves/Mitts","Hands","Accessories","2025-11-16",1,16
2.40163934426229,21902,FALSE,"Sailor Slippers",4.86259541984733,"Super Bulky (5-6 wpi)","11 ",FALSE,TRUE,"L","Knitting","Slippers","Feet / Legs","Accessories","2025-11-16",1,16
3.75,657,FALSE,"Mia mittens",4.66666666666667,"Aran (8 wpi)","4 ",FALSE,TRUE,"E","Knitting","Mittens","Hands","Accessories","2025-11-16",1,16
2.52454780361757,42256,FALSE,"Sophie Hood",4.74407195421096,"Worsted (9 wpi)","8 ",FALSE,TRUE,"H","Knitting","Scarf","Neck / Torso","Accessories","2025-11-16",13,16
0,1673,FALSE,"Hakuba Hooded Scarf",0,"Bulky (7 wpi)","10½",FALSE,TRUE,"K","Knitting","Balaclava","Hat","Accessories","2025-11-16",1,16
5.08,31671,FALSE,"Rosie Sweater",4.69642857142857,"DK (11 wpi)","6 ",FALSE,TRUE,"G","Knitting","Pullover","Sweater","Clothing","2025-11-16",10,16
2.08,3985,FALSE,"One Love Mystery Shawl",4.51181102362205,"Fingering (14 wpi)","7 ",FALSE,TRUE,"","Knitting","Shawl / Wrap","Neck / Torso","Accessories","2025-11-16",1,16
2.2527972027972,67266,TRUE,"Step by Step Sweater",4.87125748502994,"Aran (8 wpi)","7 ",FALSE,TRUE,"","Knitting","Pullover","Sweater","Clothing","2025-11-16",2,16
2.52155648905594,78662,FALSE,"Musselburgh",4.88513925594633,"Fingering (14 wpi)","2½",FALSE,TRUE,"","Knitting","Beanie, Toque","Hat","Accessories","2025-11-16",6,16
2.40877458396369,62909,FALSE,"Oslo Hat",4.72209695603157,"DK (11 wpi)","2½",FALSE,TRUE,"","Knitting","Beanie, Toque","Hat","Accessories","2025-11-16",10,16
1.92139737991266,70375,FALSE,"Sophie Scarf",4.84301075268817,"DK (11 wpi)","4 ",FALSE,TRUE,"E","Knitting","Scarf","Neck / Torso","Accessories","2025-11-16",17,16
2.17213114754098,32613,TRUE,"The Simple Thing",4.79810725552051,"DK (11 wpi)","7 ",FALSE,TRUE,"","Knitting","Scarf","Neck / Torso","Accessories","2025-11-16",4,16
3.48271140020541,116736,FALSE,"Ranunculus",4.81347640839514,"","10 ",FALSE,TRUE,"J","Knitting","Pullover","Sweater","Clothing","2025-11-16",4,16
0,454,TRUE,"Santas look socks",0,"",NA,NA,NA,NA,"Knitting","Chart","Components","Categories","2025-11-18",2,18
